Dataset name: unmasked_dataset,Model: Models/Embeddings_based/NN_1024_768_300/Unmasked/model.pth,Accuracy: 1.0,Precision: 1.0,Recall: 1.0,F1 Score: 1.0,"Confusion Matrix:
[[1 0 0 ... 0 0 0]
 [0 1 0 ... 0 0 0]
 [0 0 1 ... 0 0 0]
 ...
 [0 0 0 ... 1 0 0]
 [0 0 0 ... 0 1 0]
 [0 0 0 ... 0 0 1]]
"
Dataset name: unmasked_dataset,Model: Models/Embeddings_based/NN_1024_768_300/With_Unmasked/Masked/model.pth,Accuracy: 0.0,Precision: 0.0,Recall: 0.0,F1 Score: 0.0,"Confusion Matrix:
[[0 1 0 ... 0 0 0]
 [0 0 0 ... 0 0 0]
 [0 0 0 ... 0 0 0]
 ...
 [0 0 0 ... 0 0 0]
 [0 0 0 ... 0 0 0]
 [0 0 0 ... 0 0 0]]
"
Dataset name: unmasked_dataset,Model: Models/Embeddings_based/NN_1024_768_300/Without_Unmasked/Masked/model.pth,Accuracy: 0.068,Precision: 0.068,Recall: 0.068,F1 Score: 0.068,"Confusion Matrix:
[[0 0 0 ... 0 0 0]
 [0 0 0 ... 0 0 0]
 [0 0 0 ... 0 0 0]
 ...
 [0 0 0 ... 0 0 0]
 [0 0 0 ... 0 0 0]
 [0 0 0 ... 0 0 0]]
"
Dataset name: unmasked_dataset,Model: Models/Embeddings_based/NN_1024_768_300/With_Unmasked/Augmented_Masked/model.pth,Accuracy: 0.0,Precision: 0.0,Recall: 0.0,F1 Score: 0.0,"Confusion Matrix:
[[0 0 0 ... 0 0 0]
 [0 0 0 ... 0 0 0]
 [0 0 0 ... 0 0 0]
 ...
 [0 0 0 ... 0 0 0]
 [0 0 0 ... 0 0 0]
 [0 0 0 ... 0 0 0]]
"
Dataset name: unmasked_dataset,Model: Models/Embeddings_based/NN_1024_768_300/Without_Unmasked/Augmented_Masked/model.pth,Accuracy: 0.002,Precision: 0.002,Recall: 0.002,F1 Score: 0.002,"Confusion Matrix:
[[1 0 0 ... 0 0 0]
 [0 0 0 ... 0 0 0]
 [0 0 0 ... 0 0 0]
 ...
 [0 0 0 ... 0 0 0]
 [0 0 0 ... 0 0 0]
 [0 0 0 ... 0 0 0]]
"
Dataset name: unmasked_dataset,Model: Models/Input_ids_based/NN_1024_768_300/Unmasked/model.pth,Accuracy: 1.0,Precision: 1.0,Recall: 1.0,F1 Score: 1.0,"Confusion Matrix:
[[1 0 0 ... 0 0 0]
 [0 1 0 ... 0 0 0]
 [0 0 1 ... 0 0 0]
 ...
 [0 0 0 ... 1 0 0]
 [0 0 0 ... 0 1 0]
 [0 0 0 ... 0 0 1]]
"
Dataset name: unmasked_dataset,Model: Models/Input_ids_based/NN_1024_768_300/With_Unmasked/Masked/model.pth,Accuracy: 0.0,Precision: 0.0,Recall: 0.0,F1 Score: 0.0,"Confusion Matrix:
[[0 1 0 ... 0 0 0]
 [0 0 0 ... 0 0 0]
 [0 0 0 ... 0 0 0]
 ...
 [0 0 0 ... 0 0 0]
 [0 0 0 ... 0 0 0]
 [0 0 0 ... 0 0 0]]
"
Dataset name: unmasked_dataset,Model: Models/Input_ids_based/NN_1024_768_300/Without_Unmasked/Masked/model.pth,Accuracy: 0.407,Precision: 0.407,Recall: 0.407,F1 Score: 0.40700000000000003,"Confusion Matrix:
[[0 0 0 ... 0 0 0]
 [0 0 0 ... 0 0 0]
 [0 0 0 ... 0 0 0]
 ...
 [0 0 0 ... 0 0 0]
 [0 0 0 ... 0 0 0]
 [0 0 0 ... 0 0 1]]
"
Dataset name: unmasked_dataset,Model: Models/Input_ids_based/NN_1024_768_300/With_Unmasked/Augmented_Masked/model.pth,Accuracy: 0.001,Precision: 0.001,Recall: 0.001,F1 Score: 0.001,"Confusion Matrix:
[[0 0 0 ... 0 0 0]
 [0 0 0 ... 0 0 0]
 [0 0 0 ... 0 0 0]
 ...
 [0 0 0 ... 0 0 0]
 [0 0 0 ... 0 0 0]
 [0 0 0 ... 0 0 0]]
"
Dataset name: unmasked_dataset,Model: Models/Input_ids_based/NN_1024_768_300/Without_Unmasked/Augmented_Masked/model.pth,Accuracy: 0.002,Precision: 0.002,Recall: 0.002,F1 Score: 0.002,"Confusion Matrix:
[[1 0 0 ... 0 0 0]
 [0 0 0 ... 0 0 0]
 [0 0 0 ... 0 0 0]
 ...
 [0 0 0 ... 0 0 0]
 [0 0 0 ... 0 0 0]
 [0 0 0 ... 0 0 0]]
"
Dataset name: masked_with_unmasked_dataset,Model: Models/Embeddings_based/NN_1024_768_300/Unmasked/model.pth,Accuracy: 0.5435,Precision: 0.5435,Recall: 0.5435,F1 Score: 0.5435,"Confusion Matrix:
[[1 0 0 ... 0 0 0]
 [0 1 0 ... 0 0 0]
 [0 0 1 ... 0 0 0]
 ...
 [0 0 0 ... 1 0 0]
 [0 0 0 ... 0 1 0]
 [0 0 0 ... 0 0 1]]
"
Dataset name: masked_with_unmasked_dataset,Model: Models/Embeddings_based/NN_1024_768_300/With_Unmasked/Masked/model.pth,Accuracy: 0.001,Precision: 0.001,Recall: 0.001,F1 Score: 0.001,"Confusion Matrix:
[[1 1 0 ... 0 0 0]
 [0 0 1 ... 0 0 0]
 [0 0 0 ... 0 0 0]
 ...
 [0 0 0 ... 0 0 0]
 [0 0 0 ... 0 0 0]
 [0 0 0 ... 0 0 0]]
"
Dataset name: masked_with_unmasked_dataset,Model: Models/Embeddings_based/NN_1024_768_300/Without_Unmasked/Masked/model.pth,Accuracy: 0.0465,Precision: 0.0465,Recall: 0.0465,F1 Score: 0.0465,"Confusion Matrix:
[[0 0 0 ... 0 0 0]
 [0 0 0 ... 0 0 0]
 [0 0 0 ... 0 0 0]
 ...
 [0 0 0 ... 0 0 0]
 [0 0 0 ... 0 0 0]
 [0 0 0 ... 0 0 0]]
"
Dataset name: masked_with_unmasked_dataset,Model: Models/Embeddings_based/NN_1024_768_300/With_Unmasked/Augmented_Masked/model.pth,Accuracy: 0.0005,Precision: 0.0005,Recall: 0.0005,F1 Score: 0.0005,"Confusion Matrix:
[[0 0 0 ... 0 0 0]
 [0 0 0 ... 0 0 0]
 [0 0 0 ... 0 0 0]
 ...
 [0 0 0 ... 0 0 0]
 [0 0 0 ... 0 0 0]
 [0 0 0 ... 0 0 0]]
"
Dataset name: masked_with_unmasked_dataset,Model: Models/Embeddings_based/NN_1024_768_300/Without_Unmasked/Augmented_Masked/model.pth,Accuracy: 0.001,Precision: 0.001,Recall: 0.001,F1 Score: 0.001,"Confusion Matrix:
[[1 0 0 ... 0 0 0]
 [0 0 0 ... 0 0 0]
 [0 0 0 ... 0 0 0]
 ...
 [0 0 0 ... 0 0 0]
 [0 0 0 ... 0 0 0]
 [0 0 0 ... 0 0 0]]
"
Dataset name: masked_with_unmasked_dataset,Model: Models/Input_ids_based/NN_1024_768_300/Unmasked/model.pth,Accuracy: 0.7205,Precision: 0.7205,Recall: 0.7205,F1 Score: 0.7205,"Confusion Matrix:
[[1 0 0 ... 0 0 0]
 [0 1 0 ... 0 0 0]
 [0 0 1 ... 0 0 0]
 ...
 [0 0 0 ... 2 0 0]
 [0 0 0 ... 0 1 0]
 [0 0 0 ... 0 0 1]]
"
Dataset name: masked_with_unmasked_dataset,Model: Models/Input_ids_based/NN_1024_768_300/With_Unmasked/Masked/model.pth,Accuracy: 0.001,Precision: 0.001,Recall: 0.001,F1 Score: 0.001,"Confusion Matrix:
[[1 1 0 ... 0 0 0]
 [0 0 0 ... 0 0 0]
 [0 0 0 ... 0 0 0]
 ...
 [0 0 0 ... 0 0 0]
 [0 0 0 ... 0 0 0]
 [0 0 0 ... 0 0 0]]
"
Dataset name: masked_with_unmasked_dataset,Model: Models/Input_ids_based/NN_1024_768_300/Without_Unmasked/Masked/model.pth,Accuracy: 0.296,Precision: 0.296,Recall: 0.296,F1 Score: 0.296,"Confusion Matrix:
[[0 0 0 ... 0 0 0]
 [0 0 0 ... 0 0 0]
 [0 0 0 ... 0 0 0]
 ...
 [0 0 0 ... 0 0 0]
 [0 0 0 ... 0 0 0]
 [0 0 0 ... 0 0 1]]
"
Dataset name: masked_with_unmasked_dataset,Model: Models/Input_ids_based/NN_1024_768_300/With_Unmasked/Augmented_Masked/model.pth,Accuracy: 0.0005,Precision: 0.0005,Recall: 0.0005,F1 Score: 0.0005,"Confusion Matrix:
[[0 0 0 ... 0 0 0]
 [0 0 0 ... 0 0 0]
 [0 0 0 ... 0 0 0]
 ...
 [0 0 0 ... 0 0 0]
 [0 0 0 ... 0 0 0]
 [0 0 0 ... 0 0 0]]
"
Dataset name: masked_with_unmasked_dataset,Model: Models/Input_ids_based/NN_1024_768_300/Without_Unmasked/Augmented_Masked/model.pth,Accuracy: 0.001,Precision: 0.001,Recall: 0.001,F1 Score: 0.001,"Confusion Matrix:
[[1 1 0 ... 0 0 0]
 [0 0 0 ... 0 0 0]
 [0 0 0 ... 0 0 0]
 ...
 [0 0 0 ... 0 0 0]
 [0 0 0 ... 0 0 0]
 [0 0 0 ... 0 0 0]]
"
Dataset name: masked_without_unmasked_dataset,Model: Models/Embeddings_based/NN_1024_768_300/Unmasked/model.pth,Accuracy: 0.103,Precision: 0.103,Recall: 0.103,F1 Score: 0.103,"Confusion Matrix:
[[0 0 0 ... 0 0 0]
 [0 0 0 ... 0 0 0]
 [0 0 0 ... 0 0 0]
 ...
 [0 0 0 ... 0 0 0]
 [0 0 0 ... 0 0 0]
 [0 0 0 ... 0 0 0]]
"
Dataset name: masked_without_unmasked_dataset,Model: Models/Embeddings_based/NN_1024_768_300/With_Unmasked/Masked/model.pth,Accuracy: 0.0,Precision: 0.0,Recall: 0.0,F1 Score: 0.0,"Confusion Matrix:
[[0 0 0 ... 0 0 0]
 [0 0 0 ... 0 0 0]
 [0 0 0 ... 0 0 0]
 ...
 [0 0 0 ... 0 0 0]
 [0 0 0 ... 0 0 0]
 [0 0 0 ... 0 0 0]]
"
Dataset name: masked_without_unmasked_dataset,Model: Models/Embeddings_based/NN_1024_768_300/Without_Unmasked/Masked/model.pth,Accuracy: 0.57,Precision: 0.57,Recall: 0.57,F1 Score: 0.57,"Confusion Matrix:
[[1 0 0 ... 0 0 0]
 [0 1 0 ... 0 0 0]
 [0 0 1 ... 0 0 0]
 ...
 [0 0 0 ... 1 0 0]
 [0 0 0 ... 0 1 0]
 [0 0 0 ... 0 0 1]]
"
Dataset name: masked_without_unmasked_dataset,Model: Models/Embeddings_based/NN_1024_768_300/With_Unmasked/Augmented_Masked/model.pth,Accuracy: 0.0,Precision: 0.0,Recall: 0.0,F1 Score: 0.0,"Confusion Matrix:
[[0 0 0 ... 0 0 0]
 [0 0 0 ... 0 0 0]
 [0 0 0 ... 0 0 0]
 ...
 [0 0 0 ... 0 0 0]
 [0 0 0 ... 0 0 0]
 [0 0 0 ... 0 0 0]]
"
Dataset name: masked_without_unmasked_dataset,Model: Models/Embeddings_based/NN_1024_768_300/Without_Unmasked/Augmented_Masked/model.pth,Accuracy: 0.002,Precision: 0.002,Recall: 0.002,F1 Score: 0.002,"Confusion Matrix:
[[0 0 0 ... 0 0 0]
 [0 0 0 ... 0 0 0]
 [0 0 0 ... 0 0 0]
 ...
 [0 0 0 ... 0 0 0]
 [0 0 0 ... 0 0 0]
 [0 0 0 ... 0 0 0]]
"
Dataset name: masked_without_unmasked_dataset,Model: Models/Input_ids_based/NN_1024_768_300/Unmasked/model.pth,Accuracy: 0.462,Precision: 0.462,Recall: 0.462,F1 Score: 0.462,"Confusion Matrix:
[[0 0 0 ... 0 0 0]
 [0 0 0 ... 0 0 0]
 [0 0 0 ... 0 0 0]
 ...
 [0 0 0 ... 1 0 0]
 [0 0 0 ... 0 0 0]
 [0 0 0 ... 0 0 0]]
"
Dataset name: masked_without_unmasked_dataset,Model: Models/Input_ids_based/NN_1024_768_300/With_Unmasked/Masked/model.pth,Accuracy: 0.0,Precision: 0.0,Recall: 0.0,F1 Score: 0.0,"Confusion Matrix:
[[0 0 0 ... 0 0 0]
 [0 0 0 ... 0 0 0]
 [0 0 0 ... 0 0 0]
 ...
 [0 0 0 ... 0 0 0]
 [0 0 0 ... 0 0 0]
 [0 0 0 ... 0 0 0]]
"
Dataset name: masked_without_unmasked_dataset,Model: Models/Input_ids_based/NN_1024_768_300/Without_Unmasked/Masked/model.pth,Accuracy: 0.976,Precision: 0.976,Recall: 0.976,F1 Score: 0.976,"Confusion Matrix:
[[1 0 0 ... 0 0 0]
 [0 1 0 ... 0 0 0]
 [0 0 0 ... 0 0 0]
 ...
 [0 0 0 ... 1 0 0]
 [0 0 0 ... 0 1 0]
 [0 0 0 ... 0 0 1]]
"
Dataset name: masked_without_unmasked_dataset,Model: Models/Input_ids_based/NN_1024_768_300/With_Unmasked/Augmented_Masked/model.pth,Accuracy: 0.0,Precision: 0.0,Recall: 0.0,F1 Score: 0.0,"Confusion Matrix:
[[0 0 0 ... 0 0 0]
 [0 0 0 ... 0 0 0]
 [0 0 0 ... 0 0 0]
 ...
 [0 0 0 ... 0 0 0]
 [0 0 0 ... 0 0 0]
 [0 0 0 ... 0 0 0]]
"
Dataset name: masked_without_unmasked_dataset,Model: Models/Input_ids_based/NN_1024_768_300/Without_Unmasked/Augmented_Masked/model.pth,Accuracy: 0.001,Precision: 0.001,Recall: 0.001,F1 Score: 0.001,"Confusion Matrix:
[[0 0 0 ... 0 0 0]
 [0 0 0 ... 0 0 0]
 [0 0 0 ... 0 0 0]
 ...
 [0 0 0 ... 0 0 0]
 [0 0 0 ... 0 0 0]
 [0 0 0 ... 0 0 0]]
"
Dataset name: augmented_masked_with_unmasked_dataset,Model: Models/Embeddings_based/NN_1024_768_300/Unmasked/model.pth,Accuracy: 0.23966666666666667,Precision: 0.23966666666666667,Recall: 0.23966666666666667,F1 Score: 0.23966666666666667,"Confusion Matrix:
[[3 0 0 ... 0 0 0]
 [0 2 0 ... 0 0 0]
 [0 0 1 ... 0 0 0]
 ...
 [0 0 0 ... 1 0 0]
 [0 0 0 ... 0 1 0]
 [0 0 0 ... 0 0 2]]
"
Dataset name: augmented_masked_with_unmasked_dataset,Model: Models/Embeddings_based/NN_1024_768_300/With_Unmasked/Masked/model.pth,Accuracy: 0.0005,Precision: 0.0005,Recall: 0.0005,F1 Score: 0.0005,"Confusion Matrix:
[[0 1 0 ... 0 0 0]
 [0 0 0 ... 0 0 0]
 [0 0 0 ... 0 0 0]
 ...
 [0 0 0 ... 0 0 0]
 [0 0 0 ... 0 0 0]
 [0 0 0 ... 0 0 0]]
"
Dataset name: augmented_masked_with_unmasked_dataset,Model: Models/Embeddings_based/NN_1024_768_300/Without_Unmasked/Masked/model.pth,Accuracy: 0.03133333333333333,Precision: 0.03133333333333333,Recall: 0.03133333333333333,F1 Score: 0.03133333333333333,"Confusion Matrix:
[[0 0 0 ... 0 0 0]
 [0 0 0 ... 0 0 0]
 [0 0 0 ... 0 0 0]
 ...
 [0 0 0 ... 0 0 0]
 [0 0 0 ... 0 0 0]
 [0 0 0 ... 0 0 0]]
"
Dataset name: augmented_masked_with_unmasked_dataset,Model: Models/Embeddings_based/NN_1024_768_300/With_Unmasked/Augmented_Masked/model.pth,Accuracy: 0.0006666666666666666,Precision: 0.0006666666666666666,Recall: 0.0006666666666666666,F1 Score: 0.0006666666666666666,"Confusion Matrix:
[[1 1 1 ... 0 0 0]
 [0 0 0 ... 0 0 0]
 [0 0 0 ... 0 0 0]
 ...
 [0 0 0 ... 0 0 0]
 [0 0 0 ... 0 0 0]
 [0 0 0 ... 0 0 0]]
"
Dataset name: augmented_masked_with_unmasked_dataset,Model: Models/Embeddings_based/NN_1024_768_300/Without_Unmasked/Augmented_Masked/model.pth,Accuracy: 0.001,Precision: 0.001,Recall: 0.001,F1 Score: 0.001,"Confusion Matrix:
[[1 0 0 ... 0 0 0]
 [0 0 0 ... 0 0 0]
 [0 0 0 ... 0 0 0]
 ...
 [0 0 0 ... 0 0 0]
 [0 0 0 ... 0 0 0]
 [0 0 0 ... 0 0 0]]
"
Dataset name: augmented_masked_with_unmasked_dataset,Model: Models/Input_ids_based/NN_1024_768_300/Unmasked/model.pth,Accuracy: 0.5451666666666667,Precision: 0.5451666666666667,Recall: 0.5451666666666667,F1 Score: 0.5451666666666667,"Confusion Matrix:
[[4 0 0 ... 0 0 0]
 [0 3 0 ... 0 0 0]
 [0 0 3 ... 0 0 0]
 ...
 [0 0 0 ... 2 0 0]
 [0 0 0 ... 0 2 0]
 [0 0 0 ... 0 0 3]]
"
Dataset name: augmented_masked_with_unmasked_dataset,Model: Models/Input_ids_based/NN_1024_768_300/With_Unmasked/Masked/model.pth,Accuracy: 0.0005,Precision: 0.0005,Recall: 0.0005,F1 Score: 0.0005,"Confusion Matrix:
[[0 3 0 ... 0 0 0]
 [0 0 0 ... 0 0 0]
 [0 0 0 ... 0 0 0]
 ...
 [0 0 0 ... 0 0 0]
 [0 0 0 ... 0 0 0]
 [0 0 0 ... 0 0 0]]
"
Dataset name: augmented_masked_with_unmasked_dataset,Model: Models/Input_ids_based/NN_1024_768_300/Without_Unmasked/Masked/model.pth,Accuracy: 0.21083333333333334,Precision: 0.21083333333333334,Recall: 0.21083333333333334,F1 Score: 0.21083333333333337,"Confusion Matrix:
[[0 0 0 ... 0 0 0]
 [0 1 0 ... 0 0 0]
 [0 0 0 ... 0 0 0]
 ...
 [0 0 0 ... 1 0 0]
 [0 0 0 ... 0 0 0]
 [0 0 0 ... 0 0 3]]
"
Dataset name: augmented_masked_with_unmasked_dataset,Model: Models/Input_ids_based/NN_1024_768_300/With_Unmasked/Augmented_Masked/model.pth,Accuracy: 0.0006666666666666666,Precision: 0.0006666666666666666,Recall: 0.0006666666666666666,F1 Score: 0.0006666666666666666,"Confusion Matrix:
[[1 1 1 ... 0 0 0]
 [0 0 0 ... 0 0 0]
 [0 0 0 ... 0 0 0]
 ...
 [0 0 0 ... 0 0 0]
 [0 0 0 ... 0 0 0]
 [0 0 0 ... 0 0 0]]
"
Dataset name: augmented_masked_with_unmasked_dataset,Model: Models/Input_ids_based/NN_1024_768_300/Without_Unmasked/Augmented_Masked/model.pth,Accuracy: 0.0013333333333333333,Precision: 0.0013333333333333333,Recall: 0.0013333333333333333,F1 Score: 0.0013333333333333333,"Confusion Matrix:
[[3 0 0 ... 0 0 0]
 [0 0 0 ... 0 0 0]
 [0 0 0 ... 0 0 0]
 ...
 [0 0 0 ... 0 0 0]
 [0 0 0 ... 0 0 0]
 [0 0 0 ... 0 0 0]]
"
Dataset name: augmented_masked_without_unmasked_dataset,Model: Models/Embeddings_based/NN_1024_768_300/Unmasked/model.pth,Accuracy: 0.0992,Precision: 0.0992,Recall: 0.0992,F1 Score: 0.0992,"Confusion Matrix:
[[3 0 0 ... 0 0 0]
 [0 2 0 ... 0 0 0]
 [0 0 0 ... 0 0 0]
 ...
 [0 0 0 ... 1 0 0]
 [0 0 0 ... 0 2 0]
 [0 0 0 ... 0 0 1]]
"
Dataset name: augmented_masked_without_unmasked_dataset,Model: Models/Embeddings_based/NN_1024_768_300/With_Unmasked/Masked/model.pth,Accuracy: 0.0008,Precision: 0.0008,Recall: 0.0008,F1 Score: 0.0007999999999999999,"Confusion Matrix:
[[0 2 0 ... 0 0 0]
 [0 0 1 ... 0 0 0]
 [0 0 0 ... 0 0 0]
 ...
 [0 0 0 ... 0 0 0]
 [0 0 0 ... 0 0 0]
 [0 0 0 ... 0 0 0]]
"
Dataset name: augmented_masked_without_unmasked_dataset,Model: Models/Embeddings_based/NN_1024_768_300/Without_Unmasked/Masked/model.pth,Accuracy: 0.0252,Precision: 0.0252,Recall: 0.0252,F1 Score: 0.0252,"Confusion Matrix:
[[0 0 0 ... 0 0 0]
 [0 0 0 ... 0 0 0]
 [0 0 0 ... 0 0 0]
 ...
 [0 0 0 ... 0 0 0]
 [0 0 0 ... 0 0 0]
 [0 0 0 ... 0 0 0]]
"
Dataset name: augmented_masked_without_unmasked_dataset,Model: Models/Embeddings_based/NN_1024_768_300/With_Unmasked/Augmented_Masked/model.pth,Accuracy: 0.001,Precision: 0.001,Recall: 0.001,F1 Score: 0.001,"Confusion Matrix:
[[0 0 0 ... 0 0 0]
 [0 0 0 ... 0 0 0]
 [0 0 0 ... 0 0 0]
 ...
 [0 0 0 ... 0 0 0]
 [0 0 0 ... 0 0 0]
 [0 0 0 ... 0 0 0]]
"
Dataset name: augmented_masked_without_unmasked_dataset,Model: Models/Embeddings_based/NN_1024_768_300/Without_Unmasked/Augmented_Masked/model.pth,Accuracy: 0.0008,Precision: 0.0008,Recall: 0.0008,F1 Score: 0.0007999999999999999,"Confusion Matrix:
[[1 1 1 ... 0 0 0]
 [0 0 0 ... 0 0 0]
 [0 0 0 ... 0 0 0]
 ...
 [0 0 1 ... 0 0 0]
 [0 0 0 ... 0 0 0]
 [0 0 0 ... 0 0 0]]
"
Dataset name: augmented_masked_without_unmasked_dataset,Model: Models/Input_ids_based/NN_1024_768_300/Unmasked/model.pth,Accuracy: 0.46,Precision: 0.46,Recall: 0.46,F1 Score: 0.46,"Confusion Matrix:
[[2 0 0 ... 0 0 0]
 [0 3 0 ... 0 0 0]
 [0 0 1 ... 0 0 0]
 ...
 [0 0 0 ... 1 0 0]
 [0 0 0 ... 0 5 0]
 [0 0 0 ... 0 0 1]]
"
Dataset name: augmented_masked_without_unmasked_dataset,Model: Models/Input_ids_based/NN_1024_768_300/With_Unmasked/Masked/model.pth,Accuracy: 0.0008,Precision: 0.0008,Recall: 0.0008,F1 Score: 0.0007999999999999999,"Confusion Matrix:
[[0 2 0 ... 0 0 0]
 [0 0 0 ... 0 0 0]
 [0 0 0 ... 0 0 0]
 ...
 [0 0 0 ... 0 0 0]
 [0 0 0 ... 0 0 0]
 [0 0 0 ... 0 0 0]]
"
Dataset name: augmented_masked_without_unmasked_dataset,Model: Models/Input_ids_based/NN_1024_768_300/Without_Unmasked/Masked/model.pth,Accuracy: 0.1848,Precision: 0.1848,Recall: 0.1848,F1 Score: 0.18479999999999996,"Confusion Matrix:
[[0 0 0 ... 0 0 0]
 [0 1 0 ... 0 0 0]
 [0 0 0 ... 0 0 0]
 ...
 [1 0 0 ... 1 0 0]
 [0 0 0 ... 0 0 0]
 [0 0 0 ... 0 0 3]]
"
Dataset name: augmented_masked_without_unmasked_dataset,Model: Models/Input_ids_based/NN_1024_768_300/With_Unmasked/Augmented_Masked/model.pth,Accuracy: 0.001,Precision: 0.001,Recall: 0.001,F1 Score: 0.001,"Confusion Matrix:
[[0 0 0 ... 0 0 0]
 [0 0 0 ... 0 0 0]
 [0 0 0 ... 0 0 0]
 ...
 [0 0 0 ... 0 0 0]
 [0 0 0 ... 0 0 0]
 [0 0 0 ... 0 0 0]]
"
Dataset name: augmented_masked_without_unmasked_dataset,Model: Models/Input_ids_based/NN_1024_768_300/Without_Unmasked/Augmented_Masked/model.pth,Accuracy: 0.0012,Precision: 0.0012,Recall: 0.0012,F1 Score: 0.0012,"Confusion Matrix:
[[1 2 1 ... 0 0 0]
 [0 0 0 ... 0 0 0]
 [0 0 0 ... 0 0 0]
 ...
 [0 0 0 ... 0 0 0]
 [0 0 0 ... 0 0 0]
 [0 0 0 ... 0 0 0]]
"
Dataset name: ner_dataset,Model: Models/Embeddings_based/NN_1024_768_300/Unmasked/model.pth,Accuracy: 0.073,Precision: 0.073,Recall: 0.073,F1 Score: 0.073,"Confusion Matrix:
[[0 0 0 ... 0 0 0]
 [0 0 0 ... 0 0 0]
 [0 0 0 ... 0 0 0]
 ...
 [0 0 0 ... 0 0 0]
 [0 0 0 ... 0 0 0]
 [0 0 0 ... 0 0 0]]
"
Dataset name: ner_dataset,Model: Models/Embeddings_based/NN_1024_768_300/With_Unmasked/Masked/model.pth,Accuracy: 0.001,Precision: 0.001,Recall: 0.001,F1 Score: 0.001,"Confusion Matrix:
[[0 0 0 ... 0 0 0]
 [0 0 0 ... 0 0 0]
 [0 0 0 ... 0 0 0]
 ...
 [0 0 0 ... 0 0 0]
 [0 0 0 ... 0 0 0]
 [0 0 0 ... 0 0 0]]
"
Dataset name: ner_dataset,Model: Models/Embeddings_based/NN_1024_768_300/Without_Unmasked/Masked/model.pth,Accuracy: 0.022,Precision: 0.022,Recall: 0.022,F1 Score: 0.022,"Confusion Matrix:
[[0 0 0 ... 0 0 0]
 [0 0 0 ... 0 0 0]
 [0 0 0 ... 0 0 0]
 ...
 [0 0 0 ... 1 0 0]
 [0 0 0 ... 0 0 0]
 [0 0 0 ... 0 0 0]]
"
Dataset name: ner_dataset,Model: Models/Embeddings_based/NN_1024_768_300/With_Unmasked/Augmented_Masked/model.pth,Accuracy: 0.001,Precision: 0.001,Recall: 0.001,F1 Score: 0.001,"Confusion Matrix:
[[0 0 0 ... 0 0 0]
 [0 0 0 ... 0 0 0]
 [0 0 0 ... 0 0 0]
 ...
 [0 0 0 ... 0 0 0]
 [0 0 0 ... 0 0 0]
 [0 0 0 ... 0 0 0]]
"
Dataset name: ner_dataset,Model: Models/Embeddings_based/NN_1024_768_300/Without_Unmasked/Augmented_Masked/model.pth,Accuracy: 0.001,Precision: 0.001,Recall: 0.001,F1 Score: 0.001,"Confusion Matrix:
[[0 0 0 ... 0 0 0]
 [0 0 0 ... 0 0 0]
 [0 0 0 ... 0 0 0]
 ...
 [0 0 0 ... 0 0 0]
 [0 0 0 ... 0 0 0]
 [0 0 0 ... 0 0 0]]
"
Dataset name: ner_dataset,Model: Models/Input_ids_based/NN_1024_768_300/Unmasked/model.pth,Accuracy: 0.116,Precision: 0.116,Recall: 0.116,F1 Score: 0.116,"Confusion Matrix:
[[0 0 0 ... 0 0 0]
 [0 1 0 ... 0 0 0]
 [0 0 0 ... 0 0 0]
 ...
 [0 0 0 ... 1 0 0]
 [0 0 0 ... 0 0 0]
 [0 0 0 ... 0 0 1]]
"
Dataset name: ner_dataset,Model: Models/Input_ids_based/NN_1024_768_300/With_Unmasked/Masked/model.pth,Accuracy: 0.001,Precision: 0.001,Recall: 0.001,F1 Score: 0.001,"Confusion Matrix:
[[0 0 0 ... 0 0 0]
 [0 0 0 ... 0 0 0]
 [0 0 0 ... 0 0 0]
 ...
 [0 0 0 ... 0 0 0]
 [0 0 0 ... 0 0 0]
 [0 0 0 ... 0 0 0]]
"
Dataset name: ner_dataset,Model: Models/Input_ids_based/NN_1024_768_300/Without_Unmasked/Masked/model.pth,Accuracy: 0.05,Precision: 0.05,Recall: 0.05,F1 Score: 0.05000000000000001,"Confusion Matrix:
[[0 0 0 ... 0 0 0]
 [0 1 0 ... 0 0 0]
 [0 0 0 ... 0 0 0]
 ...
 [0 0 0 ... 0 0 0]
 [0 0 0 ... 0 0 0]
 [0 0 0 ... 0 0 0]]
"
Dataset name: ner_dataset,Model: Models/Input_ids_based/NN_1024_768_300/With_Unmasked/Augmented_Masked/model.pth,Accuracy: 0.002,Precision: 0.002,Recall: 0.002,F1 Score: 0.002,"Confusion Matrix:
[[0 0 0 ... 0 0 0]
 [0 0 0 ... 0 0 0]
 [0 0 0 ... 0 0 0]
 ...
 [0 0 0 ... 0 0 0]
 [0 0 0 ... 0 0 0]
 [0 0 0 ... 0 0 0]]
"
Dataset name: ner_dataset,Model: Models/Input_ids_based/NN_1024_768_300/Without_Unmasked/Augmented_Masked/model.pth,Accuracy: 0.0,Precision: 0.0,Recall: 0.0,F1 Score: 0.0,"Confusion Matrix:
[[0 0 0 ... 0 0 0]
 [0 0 0 ... 0 0 0]
 [0 0 0 ... 0 0 0]
 ...
 [0 0 0 ... 0 0 0]
 [0 0 0 ... 0 0 0]
 [0 0 0 ... 0 0 0]]
"
Dataset name: lexical_dataset,Model: Models/Embeddings_based/NN_1024_768_300/Unmasked/model.pth,Accuracy: 0.02,Precision: 0.02,Recall: 0.02,F1 Score: 0.02,"Confusion Matrix:
[[0 0 0 ... 0 0 0]
 [0 0 0 ... 0 0 0]
 [0 0 0 ... 0 0 0]
 ...
 [0 0 0 ... 0 0 0]
 [0 0 0 ... 0 0 0]
 [0 0 0 ... 0 0 0]]
"
Dataset name: lexical_dataset,Model: Models/Embeddings_based/NN_1024_768_300/With_Unmasked/Masked/model.pth,Accuracy: 0.0,Precision: 0.0,Recall: 0.0,F1 Score: 0.0,"Confusion Matrix:
[[0 0 0 ... 0 0 0]
 [0 0 0 ... 0 0 0]
 [0 0 0 ... 0 0 0]
 ...
 [0 0 0 ... 0 0 0]
 [0 0 0 ... 0 0 0]
 [0 0 0 ... 0 0 0]]
"
Dataset name: lexical_dataset,Model: Models/Embeddings_based/NN_1024_768_300/Without_Unmasked/Masked/model.pth,Accuracy: 0.008,Precision: 0.008,Recall: 0.008,F1 Score: 0.008,"Confusion Matrix:
[[0 0 0 ... 0 0 0]
 [0 0 0 ... 0 0 0]
 [0 0 0 ... 0 0 0]
 ...
 [0 0 0 ... 0 0 0]
 [0 0 0 ... 0 0 0]
 [0 0 0 ... 0 0 0]]
"
Dataset name: lexical_dataset,Model: Models/Embeddings_based/NN_1024_768_300/With_Unmasked/Augmented_Masked/model.pth,Accuracy: 0.001,Precision: 0.001,Recall: 0.001,F1 Score: 0.001,"Confusion Matrix:
[[0 0 0 ... 0 0 0]
 [0 0 0 ... 0 0 0]
 [0 0 0 ... 0 0 0]
 ...
 [0 0 0 ... 0 0 0]
 [0 0 0 ... 0 0 0]
 [0 0 0 ... 0 0 0]]
"
Dataset name: lexical_dataset,Model: Models/Embeddings_based/NN_1024_768_300/Without_Unmasked/Augmented_Masked/model.pth,Accuracy: 0.001,Precision: 0.001,Recall: 0.001,F1 Score: 0.001,"Confusion Matrix:
[[0 0 0 ... 0 0 0]
 [0 0 0 ... 0 0 0]
 [0 0 0 ... 0 0 0]
 ...
 [0 0 0 ... 0 0 0]
 [0 0 0 ... 0 0 0]
 [0 0 0 ... 0 0 0]]
"
Dataset name: lexical_dataset,Model: Models/Input_ids_based/NN_1024_768_300/Unmasked/model.pth,Accuracy: 0.067,Precision: 0.067,Recall: 0.067,F1 Score: 0.067,"Confusion Matrix:
[[0 0 0 ... 0 0 0]
 [0 0 0 ... 0 0 0]
 [0 0 0 ... 0 0 0]
 ...
 [0 0 0 ... 0 0 0]
 [0 0 0 ... 0 0 0]
 [0 0 0 ... 0 0 0]]
"
Dataset name: lexical_dataset,Model: Models/Input_ids_based/NN_1024_768_300/With_Unmasked/Masked/model.pth,Accuracy: 0.0,Precision: 0.0,Recall: 0.0,F1 Score: 0.0,"Confusion Matrix:
[[0 0 0 ... 0 0 0]
 [0 0 0 ... 0 0 0]
 [0 0 0 ... 0 0 0]
 ...
 [0 0 0 ... 0 0 0]
 [0 0 0 ... 0 0 0]
 [0 0 0 ... 0 0 0]]
"
Dataset name: lexical_dataset,Model: Models/Input_ids_based/NN_1024_768_300/Without_Unmasked/Masked/model.pth,Accuracy: 0.019,Precision: 0.019,Recall: 0.019,F1 Score: 0.019,"Confusion Matrix:
[[0 0 0 ... 0 0 0]
 [0 0 0 ... 0 0 0]
 [0 0 0 ... 0 0 0]
 ...
 [0 0 0 ... 1 0 0]
 [0 0 0 ... 0 0 0]
 [0 0 0 ... 0 0 0]]
"
Dataset name: lexical_dataset,Model: Models/Input_ids_based/NN_1024_768_300/With_Unmasked/Augmented_Masked/model.pth,Accuracy: 0.001,Precision: 0.001,Recall: 0.001,F1 Score: 0.001,"Confusion Matrix:
[[0 0 0 ... 0 0 0]
 [0 0 0 ... 0 0 0]
 [0 0 0 ... 0 0 0]
 ...
 [0 0 0 ... 0 0 0]
 [0 0 0 ... 0 0 0]
 [0 0 0 ... 0 0 0]]
"
Dataset name: lexical_dataset,Model: Models/Input_ids_based/NN_1024_768_300/Without_Unmasked/Augmented_Masked/model.pth,Accuracy: 0.001,Precision: 0.001,Recall: 0.001,F1 Score: 0.001,"Confusion Matrix:
[[0 0 0 ... 0 0 0]
 [0 0 0 ... 0 0 0]
 [0 0 0 ... 0 0 0]
 ...
 [0 0 0 ... 0 0 0]
 [0 0 0 ... 0 0 0]
 [0 0 0 ... 0 0 0]]
"
Dataset name: idf_dataset,Model: Models/Embeddings_based/NN_1024_768_300/Unmasked/model.pth,Accuracy: 0.017,Precision: 0.017,Recall: 0.017,F1 Score: 0.017,"Confusion Matrix:
[[0 0 0 ... 0 0 0]
 [0 0 0 ... 0 0 0]
 [0 0 0 ... 0 0 0]
 ...
 [0 0 0 ... 0 0 0]
 [0 0 0 ... 0 0 0]
 [0 0 0 ... 0 0 0]]
"
Dataset name: idf_dataset,Model: Models/Embeddings_based/NN_1024_768_300/With_Unmasked/Masked/model.pth,Accuracy: 0.001,Precision: 0.001,Recall: 0.001,F1 Score: 0.001,"Confusion Matrix:
[[0 0 0 ... 0 0 0]
 [0 0 0 ... 0 0 0]
 [0 0 0 ... 0 0 0]
 ...
 [0 0 0 ... 0 0 0]
 [0 0 0 ... 0 0 0]
 [0 0 0 ... 0 0 0]]
"
Dataset name: idf_dataset,Model: Models/Embeddings_based/NN_1024_768_300/Without_Unmasked/Masked/model.pth,Accuracy: 0.009,Precision: 0.009,Recall: 0.009,F1 Score: 0.009,"Confusion Matrix:
[[0 0 0 ... 0 0 0]
 [0 0 0 ... 0 0 0]
 [0 0 0 ... 0 0 0]
 ...
 [0 0 0 ... 0 0 0]
 [0 0 0 ... 0 0 0]
 [0 0 0 ... 0 0 0]]
"
Dataset name: idf_dataset,Model: Models/Embeddings_based/NN_1024_768_300/With_Unmasked/Augmented_Masked/model.pth,Accuracy: 0.001,Precision: 0.001,Recall: 0.001,F1 Score: 0.001,"Confusion Matrix:
[[0 0 0 ... 0 0 0]
 [0 0 0 ... 0 0 0]
 [0 0 0 ... 0 0 0]
 ...
 [0 0 0 ... 0 0 0]
 [0 0 0 ... 0 0 0]
 [0 0 0 ... 0 0 0]]
"
Dataset name: idf_dataset,Model: Models/Embeddings_based/NN_1024_768_300/Without_Unmasked/Augmented_Masked/model.pth,Accuracy: 0.0,Precision: 0.0,Recall: 0.0,F1 Score: 0.0,"Confusion Matrix:
[[0 0 0 ... 0 0 0]
 [0 0 0 ... 0 0 0]
 [0 0 0 ... 0 0 0]
 ...
 [0 0 0 ... 0 0 0]
 [0 0 0 ... 0 0 0]
 [0 0 0 ... 0 0 0]]
"
Dataset name: idf_dataset,Model: Models/Input_ids_based/NN_1024_768_300/Unmasked/model.pth,Accuracy: 0.018,Precision: 0.018,Recall: 0.018,F1 Score: 0.018,"Confusion Matrix:
[[0 0 0 ... 0 0 0]
 [0 0 0 ... 0 0 0]
 [0 0 0 ... 0 0 0]
 ...
 [0 0 0 ... 0 0 0]
 [0 0 0 ... 0 0 0]
 [0 0 0 ... 0 0 0]]
"
Dataset name: idf_dataset,Model: Models/Input_ids_based/NN_1024_768_300/With_Unmasked/Masked/model.pth,Accuracy: 0.001,Precision: 0.001,Recall: 0.001,F1 Score: 0.001,"Confusion Matrix:
[[0 0 0 ... 0 0 0]
 [0 0 0 ... 0 0 0]
 [0 0 0 ... 0 0 0]
 ...
 [0 0 0 ... 0 0 0]
 [0 0 0 ... 0 0 0]
 [0 0 0 ... 0 0 0]]
"
Dataset name: idf_dataset,Model: Models/Input_ids_based/NN_1024_768_300/Without_Unmasked/Masked/model.pth,Accuracy: 0.006,Precision: 0.006,Recall: 0.006,F1 Score: 0.006,"Confusion Matrix:
[[0 0 0 ... 0 0 0]
 [0 0 0 ... 0 0 0]
 [0 0 0 ... 0 0 0]
 ...
 [0 0 0 ... 0 0 0]
 [0 0 0 ... 0 0 0]
 [0 0 0 ... 0 0 0]]
"
Dataset name: idf_dataset,Model: Models/Input_ids_based/NN_1024_768_300/With_Unmasked/Augmented_Masked/model.pth,Accuracy: 0.001,Precision: 0.001,Recall: 0.001,F1 Score: 0.001,"Confusion Matrix:
[[0 0 0 ... 0 0 0]
 [0 0 0 ... 0 0 0]
 [0 0 0 ... 0 0 0]
 ...
 [0 0 0 ... 0 0 0]
 [0 0 0 ... 0 0 0]
 [0 0 0 ... 0 0 0]]
"
Dataset name: idf_dataset,Model: Models/Input_ids_based/NN_1024_768_300/Without_Unmasked/Augmented_Masked/model.pth,Accuracy: 0.0,Precision: 0.0,Recall: 0.0,F1 Score: 0.0,"Confusion Matrix:
[[0 0 0 ... 0 0 0]
 [0 0 0 ... 0 0 0]
 [0 0 0 ... 0 0 0]
 ...
 [0 0 0 ... 0 0 0]
 [0 0 0 ... 0 0 0]
 [0 0 0 ... 0 0 0]]
"
Dataset name: idf_table_aware_dataset,Model: Models/Embeddings_based/NN_1024_768_300/Unmasked/model.pth,Accuracy: 0.007,Precision: 0.007,Recall: 0.007,F1 Score: 0.007000000000000001,"Confusion Matrix:
[[0 0 0 ... 0 0 0]
 [0 0 0 ... 0 0 0]
 [0 0 0 ... 0 0 0]
 ...
 [0 0 0 ... 0 0 0]
 [0 0 0 ... 0 0 0]
 [0 0 0 ... 0 0 0]]
"
Dataset name: idf_table_aware_dataset,Model: Models/Embeddings_based/NN_1024_768_300/With_Unmasked/Masked/model.pth,Accuracy: 0.001,Precision: 0.001,Recall: 0.001,F1 Score: 0.001,"Confusion Matrix:
[[0 0 0 ... 0 0 0]
 [0 0 0 ... 0 0 0]
 [0 0 0 ... 0 0 0]
 ...
 [0 0 0 ... 0 0 0]
 [0 0 0 ... 0 0 0]
 [0 0 0 ... 0 0 0]]
"
Dataset name: idf_table_aware_dataset,Model: Models/Embeddings_based/NN_1024_768_300/Without_Unmasked/Masked/model.pth,Accuracy: 0.005,Precision: 0.005,Recall: 0.005,F1 Score: 0.005,"Confusion Matrix:
[[0 0 0 ... 0 0 0]
 [0 0 0 ... 0 0 0]
 [0 0 0 ... 0 0 0]
 ...
 [0 0 0 ... 1 0 0]
 [0 0 0 ... 0 0 0]
 [0 0 0 ... 0 0 0]]
"
Dataset name: idf_table_aware_dataset,Model: Models/Embeddings_based/NN_1024_768_300/With_Unmasked/Augmented_Masked/model.pth,Accuracy: 0.003,Precision: 0.003,Recall: 0.003,F1 Score: 0.003,"Confusion Matrix:
[[0 0 0 ... 0 0 0]
 [0 0 0 ... 0 0 0]
 [0 0 0 ... 0 0 0]
 ...
 [0 0 0 ... 0 0 0]
 [0 0 0 ... 0 0 0]
 [0 0 0 ... 0 0 0]]
"
Dataset name: idf_table_aware_dataset,Model: Models/Embeddings_based/NN_1024_768_300/Without_Unmasked/Augmented_Masked/model.pth,Accuracy: 0.0,Precision: 0.0,Recall: 0.0,F1 Score: 0.0,"Confusion Matrix:
[[0 0 0 ... 0 0 0]
 [0 0 0 ... 0 0 0]
 [0 0 0 ... 0 0 0]
 ...
 [0 0 0 ... 0 0 0]
 [0 0 0 ... 0 0 0]
 [0 0 0 ... 0 0 0]]
"
Dataset name: idf_table_aware_dataset,Model: Models/Input_ids_based/NN_1024_768_300/Unmasked/model.pth,Accuracy: 0.001,Precision: 0.001,Recall: 0.001,F1 Score: 0.001,"Confusion Matrix:
[[0 0 0 ... 0 0 0]
 [0 0 0 ... 0 0 0]
 [0 0 0 ... 0 0 0]
 ...
 [0 0 0 ... 0 0 0]
 [0 0 0 ... 0 0 0]
 [0 0 0 ... 0 0 0]]
"
Dataset name: idf_table_aware_dataset,Model: Models/Input_ids_based/NN_1024_768_300/With_Unmasked/Masked/model.pth,Accuracy: 0.0,Precision: 0.0,Recall: 0.0,F1 Score: 0.0,"Confusion Matrix:
[[0 0 0 ... 0 0 0]
 [0 0 0 ... 0 0 0]
 [0 0 0 ... 0 0 0]
 ...
 [0 0 0 ... 0 0 0]
 [0 0 0 ... 0 0 0]
 [0 0 0 ... 0 0 0]]
"
Dataset name: idf_table_aware_dataset,Model: Models/Input_ids_based/NN_1024_768_300/Without_Unmasked/Masked/model.pth,Accuracy: 0.002,Precision: 0.002,Recall: 0.002,F1 Score: 0.002,"Confusion Matrix:
[[0 0 0 ... 0 0 0]
 [0 0 0 ... 0 0 0]
 [0 0 0 ... 0 0 0]
 ...
 [0 0 0 ... 0 0 0]
 [0 0 0 ... 0 0 0]
 [0 0 0 ... 0 0 0]]
"
Dataset name: idf_table_aware_dataset,Model: Models/Input_ids_based/NN_1024_768_300/With_Unmasked/Augmented_Masked/model.pth,Accuracy: 0.003,Precision: 0.003,Recall: 0.003,F1 Score: 0.003,"Confusion Matrix:
[[0 0 0 ... 0 0 0]
 [0 0 0 ... 0 0 0]
 [0 0 0 ... 0 0 0]
 ...
 [0 0 0 ... 0 0 0]
 [0 0 0 ... 0 0 0]
 [0 0 0 ... 0 0 0]]
"
Dataset name: idf_table_aware_dataset,Model: Models/Input_ids_based/NN_1024_768_300/Without_Unmasked/Augmented_Masked/model.pth,Accuracy: 0.0,Precision: 0.0,Recall: 0.0,F1 Score: 0.0,"Confusion Matrix:
[[0 0 0 ... 0 0 0]
 [0 0 0 ... 0 0 0]
 [0 0 0 ... 0 0 0]
 ...
 [0 0 0 ... 0 0 0]
 [0 0 0 ... 0 0 0]
 [0 0 0 ... 0 0 0]]
"
